country,year,gdp,tc1,tc2,tc3,srv,internet,bb
ARM,2010,10438.564190416904,0.7360708136363636,0.8324172840909091,0.3202562664583333,9.852863899106673,25.0,3.19288671267022
ARM,2011,10990.177099035007,0.7360708136363636,0.8324172840909091,0.3202562664583333,17.83414247498266,32.0,5.49292214098522
ARM,2012,11796.274117799436,0.7360708136363636,0.8324172840909091,0.3202562664583333,28.768889917661454,37.5,7.25580730107633
ARM,2013,12194.018952384286,0.7360708136363636,0.8324172840909091,0.3202562664583333,52.28325612177366,41.9,8.31673235203342
ARM,2014,12667.375733024917,0.7360708136363636,0.8324172840909091,0.3202562664583333,60.388877828654856,54.6228058583362,9.3376315946157
ARM,2015,13112.760090291533,0.7360708136363636,0.8324172840909091,0.3202562664583333,74.5523530586434,59.1008337674937,9.80149439763493
ARM,2016,13192.994073173128,0.7360708136363636,0.8324172840909091,0.3202562664583333,186.14443738929918,64.3460297653742,10.2497847569184
ARM,2017,14243.87490037949,0.7360708136363636,0.8324172840909091,0.3202562664583333,268.1748002953615,64.7448843250726,10.8172556564183
ARM,2018,15037.045242071204,0.7360708136363636,0.8324172840909091,0.3202562664583333,333.1087908386662,68.2450522610271,11.9399374219278
ARM,2019,16215.360796509412,0.7360708136363636,0.8324172840909091,0.3202562664583333,477.9746835443038,66.5439496866159,13.2819462446608
ARM,2020,15052.93597911361,0.7360708136363636,0.8324172840909091,0.3202562664583333,587.877764646294,76.50770055,14.8883804721864
ARM,2021,15921.705281964018,0.7360708136363636,0.8324172840909091,0.3202562664583333,712.9595246936502,78.61225758,16.2565945813558
ARM,2022,17886.178387716784,0.7360708136363636,0.8324172840909091,0.3202562664583333,862.1851003637344,77.02767465,17.7300708049016
ARM,2023,19402.75109155784,0.7360708136363636,0.8324172840909091,0.3202562664583333,1177.0063758728872,79.99663036,18.5458075085454
AZE,2010,19925.390066213746,0.5466658875,0.23545505692307694,0.3676727633333333,2.5402205264838975,46.0,5.1962691859745
AZE,2011,19358.077810034483,0.5466658875,0.23545505692307694,0.3676727633333333,4.9056576622775205,50.0,10.5213182586713
AZE,2012,19523.373716135644,0.5466658875,0.23545505692307694,0.3676727633333333,10.75756493481346,54.20000076,14.6071625537092
AZE,2013,20398.646225034896,0.5466658875,0.23545505692307694,0.3676727633333333,16.778521708168196,73.000001372,18.0145551396199
AZE,2014,20709.20161123204,0.5466658875,0.23545505692307694,0.3676727633333333,22.967822290722502,75.0000156363396,19.7076399486748
AZE,2015,20678.75395723748,0.5466658875,0.23545505692307694,0.3676727633333333,33.26652048051779,77.0,19.4759070425568
AZE,2016,19822.41059439413,0.5466658875,0.23545505692307694,0.3676727633333333,101.86709889471123,78.2,18.2770953995915
AZE,2017,19659.00485627677,0.5466658875,0.23545505692307694,0.3676727633333333,259.48766357896307,79.0,18.1091657629876
AZE,2018,19781.850905843694,0.5466658875,0.23545505692307694,0.3676727633333333,329.3838459658678,79.7999954887896,18.8342000186458
AZE,2019,20101.491875147043,0.5466658875,0.23545505692307694,0.3676727633333333,368.8044321972953,81.0999990651547,19.2178211211639
AZE,2020,19126.096851125993,0.5466658875,0.23545505692307694,0.3676727633333333,299.3127695585934,84.59999573,19.5985750948022
AZE,2021,20111.375695210878,0.5466658875,0.23545505692307694,0.3676727633333333,416.85778402505485,85.99998954,20.0856994533421
AZE,2022,21051.24422916121,0.5466658875,0.23545505692307694,0.3676727633333333,544.5802482331462,88.0,20.3655958095069
AZE,2023,21310.738691502233,0.5466658875,0.23545505692307694,0.3676727633333333,549.7363688130284,89.0,20.8825041017301
BLR,2010,24012.613304021306,0.9482074022388061,0.9615653552941176,0.8238821066666666,5.061243150978148,31.8,17.5605789720351
BLR,2011,25404.756608241158,0.9482074022388061,0.9615653552941176,0.8238821066666666,9.089330468291818,39.6488956598961,22.1484924892336
BLR,2012,25879.131940070107,0.9482074022388061,0.9615653552941176,0.8238821066666666,25.51118702600532,46.91,26.7549579016379
BLR,2013,26147.625358464516,0.9482074022388061,0.9615653552941176,0.8238821066666666,38.75800297165869,54.17,29.4347914242904
BLR,2014,26564.434724654748,0.9482074022388061,0.9615653552941176,0.8238821066666666,61.279470900982844,59.0163187101542,28.3376939308168
BLR,2015,25513.213295831654,0.9482074022388061,0.9615653552941176,0.8238821066666666,107.91584382156955,62.230360906803,30.6040616643757
BLR,2016,24846.83015293586,0.9482074022388061,0.9615653552941176,0.8238821066666666,440.4723900057227,71.1130457603832,32.2929606538076
BLR,2017,25503.980984520666,0.9482074022388061,0.9615653552941176,0.8238821066666666,2269.270003379854,74.4364454136036,33.3125100702522
BLR,2018,26363.46297785364,0.9482074022388061,0.9615653552941176,0.8238821066666666,3436.8830310257094,79.1298866919307,33.7711870351479
BLR,2019,26798.820639807636,0.9482074022388061,0.9615653552941176,0.8238821066666666,5750.678520615922,82.7891520910901,34.0723501521236
BLR,2020,26731.495386992214,0.9482074022388061,0.9615653552941176,0.8238821066666666,7550.571687360447,85.08791245,34.8152229336418
BLR,2021,27611.180113515707,0.9482074022388061,0.9615653552941176,0.8238821066666666,9313.43277164358,86.88841196,35.0097634241001
BLR,2022,26537.50830816744,0.9482074022388061,0.9615653552941176,0.8238821066666666,10278.421134817883,89.50733148,34.0671782490739
BLR,2023,27782.43801399673,0.9482074022388061,0.9615653552941176,0.8238821066666666,11946.877296858307,91.51249979,35.0931910729644
CHL,2010,24116.76947156135,1.0,0.984607584347826,0.17301333,45.97978379490828,45.0,10.4144501306757
CHL,2011,25366.269024982535,1.0,0.984607584347826,0.17301333,63.97024956926698,52.2496072877744,11.5909712274496
CHL,2012,26670.49713384021,1.0,0.984607584347826,0.17301333,102.23116813122851,55.04999924,12.3655190651996
CHL,2013,27291.357652595747,1.0,0.984607584347826,0.17301333,126.59010801488958,58.0,12.9765829219485
CHL,2014,27505.049552415756,1.0,0.984607584347826,0.17301333,164.18316078614234,61.11000061,13.9369112350151
CHL,2015,27811.37451586172,1.0,0.984607584347826,0.17301333,223.0210346236693,76.6295919508796,15.0681266925704
CHL,2016,27958.728499668225,1.0,0.984607584347826,0.17301333,1233.2472465297267,83.5585860244169,15.9005028734256
CHL,2017,27892.994686282702,1.0,0.984607584347826,0.17301333,7223.608681305346,82.3274869338464,16.5009633130641
CHL,2018,28492.66114565155,1.0,0.984607584347826,0.17301333,8003.200729829069,84.90000153,17.2066645597348
CHL,2019,28218.534387908065,1.0,0.984607584347826,0.17301333,10872.735879799211,85.01760101,17.8649532986793
CHL,2020,26248.561643282468,1.0,0.984607584347826,0.17301333,12744.865627457328,87.45929718,19.4305872645094
CHL,2021,29089.85045972798,1.0,0.984607584347826,0.17301333,12724.956304718042,90.23280334,22.0140443723879
CHL,2022,29569.477552793716,1.0,0.984607584347826,0.17301333,11563.268231081864,92.31819916,22.7901897178525
CHL,2023,29563.678024365945,1.0,0.984607584347826,0.17301333,12299.96589319764,94.45742345,22.9954165646133
EST,2010,30070.299079110297,0.8689477655696203,0.3184550701428571,0.3452829071052632,535.4963480350739,74.1,26.1281702327091
EST,2011,32456.12088648783,0.8689477655696203,0.3184550701428571,0.3452829071052632,730.7303763110772,76.5,26.2887630917959
EST,2012,33768.57236980396,0.8689477655696203,0.3184550701428571,0.3452829071052632,1255.7685212626334,78.3899259259259,26.4254326274595
EST,2013,34484.22364572731,0.8689477655696203,0.3184550701428571,0.3452829071052632,1613.812474535223,80.0043,27.3877226142123
EST,2014,35723.62661342284,0.8689477655696203,0.3184550701428571,0.3452829071052632,2194.675724300043,84.2415280294352,28.2253745287009
EST,2015,36356.441015261444,0.8689477655696203,0.3184550701428571,0.3452829071052632,3120.7071271477193,88.4097035040431,29.6882797190881
EST,2016,37470.042767680534,0.8689477655696203,0.3184550701428571,0.3452829071052632,10786.675685329727,87.2402327514547,31.4989029896287
EST,2017,39533.464558219894,0.8689477655696203,0.3184550701428571,0.3452829071052632,29131.217625233036,88.1024568740199,32.5220031500844
EST,2018,40853.64877550727,0.8689477655696203,0.3184550701428571,0.3452829071052632,48893.43763166833,89.3570077747426,33.3725174267095
EST,2019,42218.962853871,0.8689477655696203,0.3184550701428571,0.3452829071052632,83313.1107289332,90.2289281997919,33.8508104327483
EST,2020,40920.52706230154,0.8689477655696203,0.3184550701428571,0.3452829071052632,84354.37698661625,89.05828666,34.2700326171401
EST,2021,44251.53749834551,0.8689477655696203,0.3184550701428571,0.3452829071052632,96297.93257657041,90.97970174,37.357189680638
EST,2022,43128.632771362725,0.8689477655696203,0.3184550701428571,0.3452829071052632,104101.30185937547,91.52016546,39.7219150412824
EST,2023,41288.6165892158,0.8689477655696203,0.3184550701428571,0.3452829071052632,112224.01746788627,93.18342241,35.2539796781149
GEO,2010,11294.368591711207,1.0,0.40278178956521743,0.41376087521739124,9.50697111861399,26.9,4.68263634438548
GEO,2011,12288.682886115614,1.0,0.40278178956521743,0.41376087521739124,14.90772782002965,31.52000046,6.42340988915208
GEO,2012,13193.959697405353,1.0,0.40278178956521743,0.41376087521739124,43.71292781681548,36.93999863,12.0611334421058
GEO,2013,13913.00182456612,1.0,0.40278178956521743,0.41376087521739124,63.74964090392149,43.3,13.5708594493486
GEO,2014,14475.31353560347,1.0,0.40278178956521743,0.41376087521739124,83.07760308478701,49.1024547144647,15.8407410024372
GEO,2015,14936.843411664659,1.0,0.40278178956521743,0.41376087521739124,118.6489269519896,47.5697596438736,16.7646515047976
GEO,2016,15442.956435805378,1.0,0.40278178956521743,0.41376087521739124,406.7063625669181,58.4592896118725,17.9595929069632
GEO,2017,16237.624223027518,1.0,0.40278178956521743,0.41376087521739124,2360.2442486649693,59.7055045962571,20.4644306577176
GEO,2018,17228.679084750325,1.0,0.40278178956521743,0.41376087521739124,2182.179813011985,62.7179081974285,22.5911406351247
GEO,2019,18186.8816465807,1.0,0.40278178956521743,0.41376087521739124,2776.4927378143043,68.8467135616978,24.6806060596483
GEO,2020,17031.144028342584,1.0,0.40278178956521743,0.41376087521739124,3497.4464879942493,72.53157487,25.5120429077493
GEO,2021,18915.653400526273,1.0,0.40278178956521743,0.41376087521739124,3725.1153397094868,76.4427093,26.6463786914494
GEO,2022,20966.528039113447,1.0,0.40278178956521743,0.41376087521739124,4942.758279995539,78.71127536,28.3337075311796
GEO,2023,22590.529364914593,1.0,0.40278178956521743,0.41376087521739124,5251.807100180515,81.88425624,29.3086367614167
KAZ,2010,26374.840767279456,0.4751075431578947,0.61431224,0.42025487111111104,3.385439403307396,31.6,5.16487386862476
KAZ,2011,27946.160343294392,0.4751075431578947,0.61431224,0.42025487111111104,5.332238915710898,50.6,6.99285046374658
KAZ,2012,28881.241756372758,0.4751075431578947,0.61431224,0.42025487111111104,11.672180905398362,61.9066274652008,9.46082267148947
KAZ,2013,30177.48872217358,0.4751075431578947,0.61431224,0.42025487111111104,16.85985055565169,63.30422443,11.1572510287072
KAZ,2014,30986.437916899453,0.4751075431578947,0.61431224,0.42025487111111104,26.099717196935277,66.0,12.0563854922617
KAZ,2015,30893.759485104136,0.4751075431578947,0.61431224,0.42025487111111104,46.72595130027816,70.82993359566,12.7238359694604
KAZ,2016,30758.322726059785,0.4751075431578947,0.61431224,0.42025487111111104,255.9955564268444,74.5877264735738,12.7965104881396
KAZ,2017,31524.441633979397,0.4751075431578947,0.61431224,0.42025487111111104,1191.6728621824732,76.4267482325439,13.8114386119057
KAZ,2018,32330.22745465675,0.4751075431578947,0.61431224,0.42025487111111104,1326.5389608163684,78.9039190578816,13.0002402717791
KAZ,2019,33298.21236950345,0.4751075431578947,0.61431224,0.42025487111111104,2273.556050621683,81.8776204746284,13.0799490149564
KAZ,2020,32011.5491499004,0.4751075431578947,0.61431224,0.42025487111111104,3184.0995513988546,85.94259898,13.4502836627046
KAZ,2021,32945.85157258231,0.4751075431578947,0.61431224,0.42025487111111104,4342.4698116144245,90.9239507,13.946795830528
KAZ,2022,33506.26148932374,0.4751075431578947,0.61431224,0.42025487111111104,4944.144405313824,92.29685266,14.4739535470844
KAZ,2023,34703.23492866036,0.4751075431578947,0.61431224,0.42025487111111104,5814.136514008978,92.87846096,14.3457210056574
KGZ,2010,4876.479648864833,0.8982024221874999,0.5321386342857143,1.0,1.829137018642016,16.29999924,0.419774276411519
KGZ,2011,5092.851657516775,0.8982024221874999,0.5321386342857143,1.0,1.4423284084428856,17.5,0.697823858461874
KGZ,2012,4993.394316835278,0.8982024221874999,0.5321386342857143,1.0,6.723193389473178,19.79999924,0.958725846433585
KGZ,2013,5418.540619939346,0.8982024221874999,0.5321386342857143,1.0,7.616212146127416,23.0,2.34937399187793
KGZ,2014,5513.754469525203,0.8982024221874999,0.5321386342857143,1.0,13.884542914074322,28.29999924,2.89414662041846
KGZ,2015,5600.214334284603,0.8982024221874999,0.5321386342857143,1.0,22.51642208755047,30.24699974,3.52424456195573
KGZ,2016,5715.010411790033,0.8982024221874999,0.5321386342857143,1.0,41.61715520672715,40.52619934,3.94326755245428
KGZ,2017,5861.222000405032,0.8982024221874999,0.5321386342857143,1.0,101.32088180562373,50.80530167,4.14801893845004
KGZ,2018,5951.8287675860565,0.8982024221874999,0.5321386342857143,1.0,166.8198046609919,62.8,3.95179108798669
KGZ,2019,6087.60193826927,0.8982024221874999,0.5321386342857143,1.0,282.0850500841324,64.1,4.14366414717506
KGZ,2020,5537.79547319377,0.8982024221874999,0.5321386342857143,1.0,411.94684503127587,72.0,4.33664358791982
KGZ,2021,5736.4788341515405,0.8982024221874999,0.5321386342857143,1.0,515.6742795156019,77.11769867,4.43257724274204
KGZ,2022,6139.777888250061,0.8982024221874999,0.5321386342857143,1.0,639.8364496030233,84.1937027,5.60484304582026
KGZ,2023,6575.775412904989,0.8982024221874999,0.5321386342857143,1.0,816.3667734779393,91.04440308,6.44652532064676
MDA,2010,9649.950993027102,1.0,0.6437891182608696,0.5960578699999999,13.275786293379506,29.68000031,7.4547521029782
MDA,2011,10217.308776125532,1.0,0.6437891182608696,0.5960578699999999,24.119979068052945,32.06999969,10.0167937961344
MDA,2012,10158.385467688291,1.0,0.6437891182608696,0.5960578699999999,45.449396641779046,34.65000153,12.0173397889983
MDA,2013,11080.063458534052,1.0,0.6437891182608696,0.5960578699999999,58.75033833900204,37.43999863,13.7695240878002
MDA,2014,11641.120843657689,1.0,0.6437891182608696,0.5960578699999999,82.93049060208585,66.9999982002077,15.2330041292856
MDA,2015,11691.0797484184,1.0,0.6437891182608696,0.5960578699999999,127.29294797068243,69.0000044661932,16.2569619282762
MDA,2016,12377.366678394035,1.0,0.6437891182608696,0.5960578699999999,660.6768155948267,70.9999991066624,17.2155177259579
MDA,2017,13118.821936960536,1.0,0.6437891182608696,0.5960578699999999,3655.284628386655,71.76709747,18.2974964435539
MDA,2018,13895.504365569192,1.0,0.6437891182608696,0.5960578699999999,3919.174143941182,72.54239655,19.7583973228257
MDA,2019,14621.240136228585,1.0,0.6437891182608696,0.5960578699999999,4526.646408109828,73.32610321,21.54270340639
MDA,2020,13559.260021748289,1.0,0.6437891182608696,0.5960578699999999,5580.3698489258595,74.11830139,23.4268592640718
MDA,2021,15682.070328465348,1.0,0.6437891182608696,0.5960578699999999,6661.507067738806,74.91899872,25.2112754309344
MDA,2022,15358.015354886666,1.0,0.6437891182608696,0.5960578699999999,8416.335330970549,74.91899872,26.317794331222
MDA,2023,15990.479331115203,1.0,0.6437891182608696,0.5960578699999999,11525.834461382474,76.50330353,27.3086365814931
MNG,2010,9507.118823625,1.0,0.185584195,0.33308331,9.128678583608837,10.2,2.84091834423251
MNG,2011,10960.095928386429,1.0,0.185584195,0.33308331,12.561384795771621,12.4999911084745,3.42607770710846
MNG,2012,12078.918532006182,1.0,0.185584195,0.33308331,28.524089650157322,16.4,3.94085550888065
MNG,2013,13210.09456656678,1.0,0.185584195,0.33308331,40.35859125750127,17.699984237,4.89953823458973
MNG,2014,13943.42771486525,1.0,0.185584195,0.33308331,58.722026463384964,19.9424474349209,6.77117608106174
MNG,2015,13974.596726036516,1.0,0.185584195,0.33308331,74.33436057913406,22.5000041337688,6.98959122144406
MNG,2016,13898.145695358526,1.0,0.185584195,0.33308331,432.84633534227555,22.2657705007562,7.43705957487671
MNG,2017,14401.537506756224,1.0,0.185584195,0.33308331,1510.042976680554,23.71430016,9.18362021979381
MNG,2018,15230.240882884682,1.0,0.185584195,0.33308331,1669.789404551914,47.1300018848989,9.66655365112798
MNG,2019,15790.696112644131,1.0,0.185584195,0.33308331,1668.4656022802772,51.079994082603,9.83638257697054
MNG,2020,14801.342082918465,1.0,0.185584195,0.33308331,1709.242955947396,62.50002848,9.3475568899214
MNG,2021,14792.250908642214,1.0,0.185584195,0.33308331,1994.8335289255294,81.60682285,11.3929982387502
MNG,2022,15310.434946916346,1.0,0.185584195,0.33308331,2187.988169195876,81.07720184,12.9008288504333
MNG,2023,16222.86388985287,1.0,0.185584195,0.33308331,2354.6850246111553,83.74320221,14.5529107220073
MYS,2010,23307.96985437846,0.4263263519444445,0.255807932,0.2451312164285714,44.2144718049164,56.3,7.32068815724969
MYS,2011,24115.818120395794,0.4263263519444445,0.255807932,0.2451312164285714,56.580405780267974,61.0,8.59576382844835
MYS,2012,25006.358778153717,0.4263263519444445,0.255807932,0.2451312164285714,99.38363603932477,65.8,9.84700347717991
MYS,2013,25736.352555414196,0.4263263519444445,0.255807932,0.2451312164285714,119.43952901586832,57.05751226,9.73942530166021
MYS,2014,26818.431728165877,0.4263263519444445,0.255807932,0.2451312164285714,147.0217571676853,63.6654258813225,9.97193881432051
MYS,2015,27699.627886038677,0.4263263519444445,0.255807932,0.2451312164285714,226.65276418718554,71.0640678111957,9.80955980953099
MYS,2016,28425.370760941158,0.4263263519444445,0.255807932,0.2451312164285714,912.7803562696516,78.7883099275229,8.55245970508987
MYS,2017,29551.545759719724,0.4263263519444445,0.255807932,0.2451312164285714,4727.645043937311,80.1404790103961,8.30705146836206
MYS,2018,30459.96553380609,0.4263263519444445,0.255807932,0.2451312164285714,5473.069205167992,81.2010486181174,8.19179819298533
MYS,2019,31300.508655484915,0.4263263519444445,0.255807932,0.2451312164285714,6424.167798923201,84.1871450078281,8.86497357882019
MYS,2020,29200.452632127035,0.4263263519444445,0.255807932,0.2451312164285714,7157.514417862872,89.55501192,9.91101742902637
MYS,2021,29822.849183161834,0.4263263519444445,0.255807932,0.2451312164285714,7998.185891249908,96.7514278,10.8921782282506
MYS,2022,32129.221782011253,0.4263263519444445,0.255807932,0.2451312164285714,8416.74162116676,97.3986404,12.1753566089982
MYS,2023,32857.66766007743,0.4263263519444445,0.255807932,0.2451312164285714,8082.519826028921,97.69272633,13.0287000355119
NOR,2010,83256.78807225573,0.730218357037037,0.3500564516129032,0.41996195736842107,1557.2934264791422,93.39,35.2484740738801
NOR,2011,83092.43422164414,0.730218357037037,0.3500564516129032,0.41996195736842107,2333.8975604713664,93.4899826515194,36.0526456056247
NOR,2012,84237.14956638162,0.730218357037037,0.3500564516129032,0.41996195736842107,3000.0559920120722,94.6499780533304,37.0178249972402
NOR,2013,84070.4583940478,0.730218357037037,0.3500564516129032,0.41996195736842107,3211.261938139897,95.0534,37.6116803448105
NOR,2014,84830.25580169613,0.730218357037037,0.3500564516129032,0.41996195736842107,3571.3785166797998,96.3005098242892,38.4850493294753
NOR,2015,85550.29426144945,0.730218357037037,0.3500564516129032,0.41996195736842107,4093.9697302185346,96.810325691365,39.5096431037131
NOR,2016,85787.61744104241,0.730218357037037,0.3500564516129032,0.41996195736842107,7003.508822873697,97.2982036675068,40.2402948978253
NOR,2017,87194.11154213737,0.730218357037037,0.3500564516129032,0.41996195736842107,14572.572734949312,96.3576012951191,41.0328263217001
NOR,2018,87338.47080089853,0.730218357037037,0.3500564516129032,0.41996195736842107,20886.24895423798,96.4916579887094,41.5279365452303
NOR,2019,87725.72832546134,0.730218357037037,0.3500564516129032,0.41996195736842107,36180.95789446915,98.0000043853142,42.2722351352817
NOR,2020,86096.05089475059,0.730218357037037,0.3500564516129032,0.41996195736842107,39030.01686967594,94.60755647,44.3863056613216
NOR,2021,88984.1386736515,0.730218357037037,0.3500564516129032,0.41996195736842107,43861.12508135613,99.0000036,44.9392216218255
NOR,2022,91051.0831968407,0.730218357037037,0.3500564516129032,0.41996195736842107,44150.88745414941,98.99997764,45.6644653158508
NOR,2023,90085.43820597856,0.730218357037037,0.3500564516129032,0.41996195736842107,37715.04498241811,99.00000258,45.4377082628592
POL,2010,27112.133379738138,0.2876289892,0.23157144083333336,0.20922000285714284,155.009645190624,62.32,15.378511671936
POL,2011,28521.6612623568,0.2876289892,0.23157144083333336,0.20922000285714284,227.38465220591357,61.94999896898,18.2475205937044
POL,2012,28952.915730530058,0.2876289892,0.23157144083333336,0.20922000285714284,399.2836748936583,62.3099972714691,18.0079998184474
POL,2013,29168.624211074955,0.2876289892,0.23157144083333336,0.20922000285714284,517.741811845554,62.8492,18.3773931656078
POL,2014,30334.878656961846,0.2876289892,0.23157144083333336,0.20922000285714284,681.1317610206428,66.5987360557248,18.904567196757
POL,2015,31700.368236415372,0.2876289892,0.23157144083333336,0.20922000285714284,955.8417889007259,67.9969871556415,18.9867934497166
POL,2016,32675.305225995377,0.2876289892,0.23157144083333336,0.20922000285714284,2492.4883632739634,73.3007040962669,19.1513139299534
POL,2017,34354.59876163194,0.2876289892,0.23157144083333336,0.20922000285714284,6534.934485282434,75.9853659493832,19.9531726069815
POL,2018,36500.41142825841,0.2876289892,0.23157144083333336,0.20922000285714284,16227.071935957447,77.5417345350006,20.5313862679212
POL,2019,38181.62303346887,0.2876289892,0.23157144083333336,0.20922000285714284,20606.063798754,80.4359068768673,20.5043205670712
POL,2020,37852.802131363875,0.2876289892,0.23157144083333336,0.20922000285714284,25438.677112342262,83.18488715,21.9255858346119
POL,2021,41059.5847829682,0.2876289892,0.23157144083333336,0.20922000285714284,31394.37685685452,85.37490906,22.8165643900514
POL,2022,43405.021579744105,0.2876289892,0.23157144083333336,0.20922000285714284,34772.62853538,86.94113479,23.8373449056172
POL,2023,43672.76680149465,0.2876289892,0.23157144083333336,0.20922000285714284,37340.960521191046,86.414744,24.526154479274
ROU,2010,24903.00776138347,0.4676530120754717,0.29824596238095236,0.2678728770588235,39.01837474047225,39.93,14.6853744418104
ROU,2011,26150.856070210517,0.4676530120754717,0.29824596238095236,0.2678728770588235,60.90077154874781,40.0099967810008,16.1874973837653
ROU,2012,26767.56665324055,0.4676530120754717,0.29824596238095236,0.2678728770588235,131.36880058290853,45.8799942529424,17.567519569459
ROU,2013,26942.04361303412,0.4676530120754717,0.29824596238095236,0.2678728770588235,175.8934146956721,49.7645,18.8919150905294
ROU,2014,28156.247547681534,0.4676530120754717,0.29824596238095236,0.2678728770588235,246.7228480174699,54.0783206550943,20.1139523323465
ROU,2015,29181.99918936632,0.4676530120754717,0.29824596238095236,0.2678728770588235,361.23025395728297,55.7631556336233,21.4489855804576
ROU,2016,30189.272917288625,0.4676530120754717,0.29824596238095236,0.2678728770588235,3421.4844413589562,59.5039512852713,22.4982986593906
ROU,2017,32852.77180696266,0.4676530120754717,0.29824596238095236,0.2678728770588235,12254.402598639062,63.7472821822484,24.148941859633
ROU,2018,34829.040299068445,0.4676530120754717,0.29824596238095236,0.2678728770588235,15938.095827404477,70.6812779273268,25.9702175828069
ROU,2019,36399.6255565426,0.4676530120754717,0.29824596238095236,0.2678728770588235,19164.60592304795,73.6574757545465,27.060557570268
ROU,2020,35283.75235678523,0.4676530120754717,0.29824596238095236,0.2678728770588235,21374.339808722958,78.45526895,29.314080636148
ROU,2021,37534.15591769115,0.4676530120754717,0.29824596238095236,0.2678728770588235,23316.840513879808,83.5904265,31.6949603653045
ROU,2022,39256.98888338521,0.4676530120754717,0.29824596238095236,0.2678728770588235,24738.06076719314,85.50309124,33.2115600895132
ROU,2023,40116.85550542626,0.4676530120754717,0.29824596238095236,0.2678728770588235,26834.601345927105,89.20335498,34.6706189336505
RUS,2010,33063.5859375,0.3545344959574468,0.4035671483333334,0.3536259988888889,17.09491840739652,49.0,10.907741936582
RUS,2011,34444.64453125,0.3545344959574468,0.4035671483333334,0.3536259988888889,28.84947611036484,58.0,12.2426736632818
RUS,2012,35740.69921875,0.3545344959574468,0.4035671483333334,0.3536259988888889,57.50515626661795,66.0,14.5007601269515
RUS,2013,36260.06640625,0.3545344959574468,0.4035671483333334,0.3536259988888889,79.56572606701276,67.97,16.4209357330938
RUS,2014,35853.24609375,0.3545344959574468,0.4035671483333334,0.3536259988888889,120.01062998834912,70.5175682574413,17.2161049931
RUS,2015,35037.15234375,0.3545344959574468,0.4035671483333334,0.3536259988888889,320.19338178608024,70.0992412263947,18.4996930924804
RUS,2016,35005.44921875,0.3545344959574468,0.4035671483333334,0.3536259988888889,1158.5454406033673,73.091434617897,18.8797858276626
RUS,2017,35570.390625,0.3545344959574468,0.4035671483333334,0.3536259988888889,3521.684350671187,76.0081385339105,21.2763636749444
RUS,2018,36536.6953125,0.3545344959574468,0.4035671483333334,0.3536259988888889,5157.770074391478,80.8647218726954,21.8962972283043
RUS,2019,37319.3203125,0.3545344959574468,0.4035671483333334,0.3536259988888889,9269.697445346905,82.6421618670668,22.4233442134941
RUS,2020,36376.3359375,0.3545344959574468,0.4035671483333334,0.3536259988888889,13239.91903674469,84.99466978,23.1557041794102
RUS,2021,38638.4296875,0.3545344959574468,0.4035671483333334,0.3536259988888889,16210.02064281065,88.21384578,23.7409106485411
RUS,2022,38214.49609375,0.3545344959574468,0.4035671483333334,0.3536259988888889,19939.03322944339,90.41799163,24.6345568628262
RUS,2023,39887.33984375,0.3545344959574468,0.4035671483333334,0.3536259988888889,23603.596926372138,92.24496346,25.8238695549039
THA,2010,16730.36978844884,0.39694924844827584,0.29639027918604655,0.24350966253164558,10.979966053094595,22.4,4.74172823236676
THA,2011,16766.347705788314,0.39694924844827584,0.29639027918604655,0.24350966253164558,14.8100470895736,23.669925618731,5.64433790742555
THA,2012,17869.63766074586,0.39694924844827584,0.29639027918604655,0.24350966253164558,30.17162629155803,26.46,6.50814220580194
THA,2013,18242.425671536326,0.39694924844827584,0.29639027918604655,0.24350966253164558,37.92677609488904,28.94,7.43359084502317
THA,2014,18324.614467487463,0.39694924844827584,0.29639027918604655,0.24350966253164558,50.62922153178332,34.8860535783465,7.74748143833759
THA,2015,18811.99751000637,0.39694924844827584,0.29639027918604655,0.24350966253164558,67.59209334116521,39.3161267365004,8.83035128821556
THA,2016,19370.608781011655,0.39694924844827584,0.29639027918604655,0.24350966253164558,142.5772321447913,47.5049656215909,10.187716904417
THA,2017,20094.67787626029,0.39694924844827584,0.29639027918604655,0.24350966253164558,562.435284213067,52.8919293439676,11.5345396717409
THA,2018,20879.90278214487,0.39694924844827584,0.29639027918604655,0.24350966253164558,927.8318580655013,56.8174809301456,12.8740610702362
THA,2019,21277.839268476393,0.39694924844827584,0.29639027918604655,0.24350966253164558,1366.5813268149723,66.6524194587528,14.1338059581469
THA,2020,19957.25714091695,0.39694924844827584,0.29639027918604655,0.24350966253164558,1859.0206757861129,77.84374066,16.021813562656
THA,2021,20242.770003565594,0.39694924844827584,0.29639027918604655,0.24350966253164558,2134.3188953410395,85.26956666,17.3168855632327
THA,2022,20762.795259852686,0.39694924844827584,0.29639027918604655,0.24350966253164558,2746.247947088944,87.97724503,17.5125815621477
THA,2023,21191.454030927387,0.39694924844827584,0.29639027918604655,0.24350966253164558,3002.534014360879,89.53525238,14.5089451983046
TUR,2010,19897.44648368865,0.35761618619565216,0.2751198310344828,0.3150370893939394,85.38168484246088,39.82,9.67754012450092
TUR,2011,21760.42919236336,0.35761618619565216,0.2751198310344828,0.3150370893939394,117.06514646434223,43.065710430925,10.2288570173419
TUR,2012,22517.714828787513,0.35761618619565216,0.2751198310344828,0.3150370893939394,222.58484765322237,45.13,10.4644431033188
TUR,2013,24117.31210998387,0.35761618619565216,0.2751198310344828,0.3150370893939394,263.2518120329007,46.25,11.640102340966
TUR,2014,24888.852174257572,0.35761618619565216,0.2751198310344828,0.3150370893939394,298.865469518728,51.0373665521645,11.3618631179594
TUR,2015,25984.80273061772,0.35761618619565216,0.2751198310344828,0.3150370893939394,364.9776928032569,53.7449791423583,11.8786301825878
TUR,2016,26489.643681604568,0.35761618619565216,0.2751198310344828,0.3150370893939394,1310.0109712709313,58.3477340145685,12.859061240418
TUR,2017,28194.688309381043,0.35761618619565216,0.2751198310344828,0.3150370893939394,3384.8072194013453,64.6846176835371,14.3528880563786
TUR,2018,28780.30364581514,0.35761618619565216,0.2751198310344828,0.3150370893939394,4383.72751384509,71.0427608433809,15.8823338271459
TUR,2019,28741.05350827015,0.35761618619565216,0.2751198310344828,0.3150370893939394,5494.176274385004,73.9767022871511,16.6733436685105
TUR,2020,28976.717916161066,0.35761618619565216,0.2751198310344828,0.3150370893939394,6837.083262776807,77.6695605,19.4384064376386
TUR,2021,32105.547440050563,0.35761618619565216,0.2751198310344828,0.3150370893939394,7755.874049366612,81.40843745,20.9211211378579
TUR,2022,33520.811138420824,0.35761618619565216,0.2751198310344828,0.3150370893939394,9166.00138199718,83.43716576,21.8230372591075
TUR,2023,35069.17017146847,0.35761618619565216,0.2751198310344828,0.3150370893939394,9881.98609883873,85.96074155,22.4591697943845
UZB,2010,5760.805119577912,1.0,0.850569018653846,1.0,0.07045849385246118,15.89999962,0.415705113729521
UZB,2011,6100.251009982842,1.0,0.850569018653846,1.0,0.27755423097424725,18.6,0.512642664609435
UZB,2012,6435.564672264285,1.0,0.850569018653846,1.0,0.9227014387956928,23.60000038,0.753795814305037
UZB,2013,6797.774947844938,1.0,0.850569018653846,1.0,1.3793537324050396,26.79999924,1.03047816642845
UZB,2014,7145.109806641512,1.0,0.850569018653846,1.0,2.4153794954927363,35.5,2.71465494120139
UZB,2015,7529.763642741788,1.0,0.850569018653846,1.0,5.756219985947018,42.79999924,5.81406186655157
UZB,2016,7839.978201002364,1.0,0.850569018653846,1.0,70.99346872873552,46.79130173,8.77864127770599
UZB,2017,8047.053754694658,1.0,0.850569018653846,1.0,205.78784279091056,48.6999988524556,10.4346190212708
UZB,2018,8348.960578731274,1.0,0.850569018653846,1.0,283.96691243359925,55.2000006732722,12.7372983265011
UZB,2019,8755.12593984949,1.0,0.850569018653846,1.0,460.977941222643,70.3999986481458,10.5554301857614
UZB,2020,8727.411049392229,1.0,0.850569018653846,1.0,477.69375031039374,71.09999824,15.8070422134311
UZB,2021,9247.643827039294,1.0,0.850569018653846,1.0,595.0292281534097,76.59043014,21.8944210928633
UZB,2022,9607.561672734493,1.0,0.850569018653846,1.0,733.565156714046,83.90000012,25.7992232452287
UZB,2023,10007.68550261802,1.0,0.850569018653846,1.0,823.8737538078532,89.01361047,30.2699233460544
